Kota Inflasi,,,,,,,,,,,,,,,,,,,,,,,,,,,,,,,,,,,,,,,,,,,,,,,,
,"Indeks Harga Konsumen (2012=100) Menurut Kelompok 02 Makanan Jadi, Minuman, Rokok dan Tembakau",,,,,,,,,,,,,,,,,,,,,,,,,,,,,,,,,,,,,,,,,,,,,,,
,"Makanan Jadi, Minuman, Rokok dan Tembakau",,,,,,,,,,,,Makanan Jadi,,,,,,,,,,,,Minuman yang Tidak Beralkohol,,,,,,,,,,,,Tembakau dan Minuman Beralkohol,,,,,,,,,,,
,2014,,,,,,,,,,,,2014,,,,,,,,,,,,2014,,,,,,,,,,,,2014,,,,,,,,,,,
,Januari,Februari,Maret,April,Mei,Juni,Juli,Agustus,September,Oktober,November,Desember,Januari,Februari,Maret,April,Mei,Juni,Juli,Agustus,September,Oktober,November,Desember,Januari,Februari,Maret,April,Mei,Juni,Juli,Agustus,September,Oktober,November,Desember,Januari,Februari,Maret,April,Mei,Juni,Juli,Agustus,September,Oktober,November,Desember
KOTA MEULABOH,115.52,116.03,116.98,117.05,117.12,117.12,117.29,118.32,119.47,120.17,120.18,120.28,116.92,117.95,119.62,119.82,119.81,119.81,120.14,122.17,122.47,123.45,123.45,123.45,103.47,103.59,103.74,103.75,104.08,104.08,104.08,104.21,103.69,104.73,104.75,104.95,121.63,121.54,121.86,121.77,121.77,121.77,121.77,121.77,125.52,125.52,125.52,125.71
KOTA BANDA ACEH,106.33,106.49,106.92,106.93,106.93,107.18,107.51,107.5,107.82,107.8,107.83,108.05,102.51,102.51,102.61,102.65,102.65,102.81,102.82,102.8,102.96,102.96,102.95,102.95,106.75,106.98,107.59,107.53,107.53,107.57,107.62,107.62,107.72,107.6,107.81,108.27,115.04,115.54,116.58,116.58,116.58,117.24,118.62,118.62,119.54,119.54,119.54,120.05
KOTA LHOKSEUMAWE,104.01,104.09,104.51,105.78,106.26,106.36,106.49,106.71,106.78,107.21,107.37,107.65,103.34,103.34,104.09,105.4,105.4,105.4,105.4,105.4,105.4,106.29,106.55,106.93,102.19,101.76,101.58,103.17,102.96,103.08,103.29,103.31,103.25,103.15,103.25,103.43,107.16,107.94,108.29,109.14,111.29,111.59,111.88,112.78,113.12,113.12,113.12,113.31
KOTA SIBOLGA,108.62,109.76,109.92,109.96,109.94,110.98,111.14,111.09,111.07,111.44,114.24,115.26,108.74,109.05,109.37,109.5,109.5,109.51,109.78,109.78,109.78,109.78,113.83,115.67,105.51,106.23,106.16,105.97,105.88,106.07,106.16,105.88,105.76,105.44,107.17,107.35,110.04,112.84,112.84,112.84,112.84,116.09,116.09,116.09,116.09,117.45,118.66,118.66
KOTA PEMATANG SIANTAR,116.22,117.37,117.64,119.26,119.5,119.51,119.97,120.48,121.66,121.73,122.22,125.35,119.65,120.6,120.79,121.6,121.6,121.62,122.33,122.45,122.45,122.57,122.57,122.7,101.76,100.18,101.33,100.31,101.84,101.83,102.59,103.29,104.23,104.33,107.45,108.69,117.97,120.53,120.53,124.35,124.35,124.35,124.35,125.29,128.11,128.11,128.11,135.98
KOTA MEDAN,107.76,107.91,108.04,108.82,109.7,110.06,111.34,111.71,112.03,112.43,113.5,114.37,106.86,107.1,107.34,108.75,108.79,109.05,110.4,110.75,111.31,111.48,111.55,112.72,103.21,102.98,102.9,102.81,102.89,103.47,103.71,103.78,103.82,104.08,103.71,104.85,113.02,113.24,113.26,113.26,116.61,117,118.9,119.49,119.49,120.52,124.83,124.84
KOTA PADANGSIDIMPUAN,111.32,111.54,111.55,112.13,112.2,113.34,113.92,114.18,114.53,115.54,117.75,118.28,110.89,111.08,111.08,112.11,112.11,112.61,113.05,113.42,113.64,114.14,116.02,116.06,108.34,108.26,108.39,108.54,108.39,109.48,109.61,110.03,110.89,110.85,111.38,113.76,113.45,113.86,113.86,113.86,114.16,116.41,117.43,117.43,117.78,120.16,123.7,124.19
KOTA PADANG,113.28,113.54,113.81,114.38,114.47,114.79,115.39,115.94,116.15,116.31,116.42,117.22,112.1,112.22,112.23,112.63,112.68,112.68,112.69,113.27,113.75,113.75,113.76,115.01,105.42,105.77,105.85,106.06,105.86,106.43,106.64,107.56,107.11,107.39,108.02,108.21,121.75,122.32,123.35,124.55,124.98,125.88,128.23,128.43,128.43,128.89,128.89,129.04
KOTA BUKITTINGGI,105.59,106.43,106.26,106.3,106.81,106.9,107.32,107.38,108.13,108.31,108.33,108.84,102.81,103.46,103.46,103.65,104.06,104.32,104.49,104.59,105.83,106.12,106.13,106.26,101.14,102.9,101.75,100.79,100.03,99.6,99.52,99.53,99.56,99.57,99.61,99.74,115.17,115.87,115.87,116.18,117.71,117.71,119.05,119.05,119.05,119.05,119.05,120.77
TEMBILAHAN,112.34,112.34,112.77,113.18,113.76,114.7,119.08,119.01,118.95,119.99,120.45,121,114.67,114.67,114.67,114.67,114.67,115.38,120.49,120.49,120.49,120.49,121.09,121.09,114.1,114.1,116.51,118.85,118.52,119.51,122.77,122.37,122.01,122.02,122.63,122.94,104.77,104.77,104.77,104.77,107.61,109.13,112.45,112.45,112.45,117.05,117.05,119.26
KOTA PEKANBARU,112.32,113.57,114.46,114.69,115.59,115.83,115.89,117.93,118.81,119.32,121.64,123.09,111.68,112.82,113.57,113.83,113.88,114.09,114.13,116.62,117.38,117.42,121.11,123.2,110.78,111.48,111.39,111.38,111.35,111.3,111.49,113.6,113.91,114.29,114.43,115.57,115.07,116.99,118.98,119.31,123.02,123.57,123.59,124.43,126.06,127.86,128.32,128.43
KOTA DUMAI,109.58,110.17,110.7,111.89,111.9,112.04,112.16,112.61,115.41,116.81,118.82,119.29,109.75,110.63,110.65,110.77,110.77,110.76,110.86,111.57,116.01,118.18,119.72,119.87,107.33,107.91,110.64,111.75,111.77,111.35,110.67,110.95,110.85,111.71,114.33,114.76,110.81,110.81,110.86,114.33,114.33,115.2,115.92,115.92,117.36,117.54,120.11,121.26
BUNGO,109.75,111.04,110.94,111.09,111.15,113.16,113.2,113.18,113.19,113.25,114.43,114.58,111.79,112.83,112.83,113.02,113.02,114.59,114.71,114.71,114.71,114.71,114.8,115.04,110.53,114.14,113.53,113.78,113.89,113.73,113.53,113.44,113.48,113.86,113.68,113.79,105.39,105.9,105.9,105.9,106.05,110.1,110.1,110.1,110.1,110.1,114.13,114.13
KOTA JAMBI,109.9,110.19,111.03,111.46,111.56,111.79,113,113.25,113.34,114,114.12,115.83,112.16,112.56,113.65,114.06,114.25,114.51,115.28,115.63,115.74,116.26,116.38,117.69,103.8,103.62,104.71,104.94,104.96,104.76,105.72,105.81,105.83,106.02,106.32,107.92,109.08,109.45,109.53,110.14,110.14,110.59,112.97,113.13,113.17,114.51,114.53,117.17
KOTA PALEMBANG,108.5,108.67,109.04,109.09,109.06,109.55,109.72,110.17,111.62,112.01,113.14,116.24,107.2,107.2,107.53,107.6,107.6,108.35,108.72,108.93,109.66,110.37,112.05,114.63,100.98,101.23,101.28,101.34,101.18,101.59,101.35,101.33,101.92,101.87,101.39,102.32,116.24,116.72,117.37,117.37,117.37,117.37,117.37,118.64,122.2,122.2,123.24,128.87
KOTA LUBUKLINGGAU,107.59,107.61,107.59,107.55,109.43,109.86,109.62,110.05,110.48,110.48,110.96,113.07,103.71,103.71,103.71,103.71,106.39,106.8,106.8,107.28,107.74,107.74,108.48,110.51,109.01,109.14,109.01,108.76,110.62,111.95,110.53,111.58,112.67,112.67,113.25,114.25,113.4,113.4,113.4,113.4,113.9,113.9,113.9,113.9,113.9,113.9,113.9,116.77
KOTA BENGKULU,110.47,110.51,110.58,111.2,111.18,111.38,115.11,115.29,115.91,116.18,115.92,116.96,112.44,112.44,112.45,113.31,113.31,113.43,115.57,115.93,116.96,117.01,117.01,117.88,107.05,107.3,107.03,107.84,107.72,107.64,110.27,110.07,110.17,111.69,110.03,112.45,108.26,108.26,108.67,108.67,108.67,109.19,117.02,117.02,117.07,117.07,117.07,117.67
KOTA BANDAR LAMPUNG,107.6,107.77,107.74,108.15,108.42,109.34,109.96,111.53,111.7,112.07,112.64,116.04,108.67,108.95,109.02,109.02,109.02,109.51,110.6,113.19,113.3,113.61,113.69,117.34,101.39,101.39,100.74,100.39,101.4,101.37,101.08,101.18,100.87,101.82,102.49,107.89,109.67,109.67,109.84,111.84,112.2,114.9,115.08,115.25,115.92,116,117.67,118.99
KOTA METRO,117.15,116.98,116.24,116.51,116.74,116.71,116.99,116.92,116.86,116.9,117.03,117.21,123.03,123.03,123.03,123.02,123.09,123.06,123.17,123.1,123.07,123.07,123.07,123.21,113.46,110.8,106.33,107.11,107.16,107.14,107,106.79,106.53,106.79,107.11,107.09,108.54,109.45,109.45,109.95,110.54,110.54,111.34,111.34,111.34,111.34,111.61,111.95
TANJUNG PANDAN,110.84,111.02,111.74,111.8,112.13,112.4,112.53,112.57,112.49,113.46,115.23,118.43,113.02,113.02,114.17,114.17,114.17,114.17,114.17,114.17,114.17,114.31,115.82,120.5,105.54,105.54,105.54,105.9,108,108,108.79,109.08,108.58,111.49,116.56,117.36,108.42,109.28,109.28,109.28,109.28,110.53,110.53,110.53,110.53,112.43,112.6,113.28
KOTA PANGKAL PINANG,113.54,113.6,113.71,113.86,113.5,113.48,114.05,115.05,117.79,118.72,119.44,120,114.41,114.43,114.42,114.42,114.44,114.44,114.88,116.42,120.1,120.1,121.39,121.39,114.07,114.34,114.58,115.46,113.26,112.9,113.98,114.11,117.5,117.36,117.19,117.65,111.34,111.34,111.62,111.63,111.63,111.81,112.3,112.71,113.04,116.65,116.75,118.57
KOTA BATAM,106.87,107.43,107.57,108,108.8,109.07,110.07,110.67,111.59,112.37,112.73,114.54,104.74,104.74,104.79,104.88,106.14,106.2,107.44,107.96,108.62,109.27,109.68,111.97,102.29,103.13,102.97,103.33,103.12,103.09,102.43,103.02,103.5,104.37,104.88,105.36,117.65,119.56,120.3,121.75,122.22,123.39,125.29,126.13,128.28,129.33,129.4,131.08
KOTA TANJUNG PINANG,114.65,114.89,115.59,115.6,115.95,116.19,116.84,117.11,117.82,118.45,118.67,120.54,118.21,118.42,119.24,119.27,119.53,119.73,119.95,120.04,120.57,120.86,121.2,123.49,105.99,105.96,106.6,106.57,106.9,106.86,109.67,110.05,111.56,113.15,112.87,113.55,111.53,112.13,112.5,112.5,113.13,113.76,113.77,114.5,115.07,115.82,116.18,117.82
DKI JAKARTA,112.41,112.4,113.24,113.53,113.81,113.92,116.54,116.88,117.13,117.21,118.73,124.68,113.98,113.99,114.51,114.56,114.75,114.78,118.04,118.35,118.52,118.62,120.98,130.14,107.05,106.99,106.73,107.39,107.52,107.55,109.13,109.29,109.67,109.8,110.18,111.99,113.71,113.72,117.01,117.64,118.46,118.91,120.69,121.32,121.68,121.67,121.67,121.76
KOTA BOGOR,108.51,108.84,108.88,108.97,109.57,109.88,110.21,110.41,110.42,110.77,111.4,112.2,108.77,109.16,109.18,109.31,109.53,109.73,110.01,110.17,110.2,110.62,111.64,112.14,105.44,105.52,105.67,105.81,107.2,107.8,108.48,108.74,108.7,109.15,109.31,111.54,110.56,110.95,110.95,110.95,111.83,112.18,112.3,112.59,112.59,112.63,112.63,112.97
KOTA SUKABUMI,110.85,111.48,112.16,112.21,113,113.3,113.57,114.14,114.81,115.64,116.29,117.8,113.38,113.8,114.39,114.88,115.5,115.69,115.76,116.2,116.51,117.3,118.01,119.36,105.11,105.27,105.45,103.74,104.01,104.15,103.72,103.71,104.61,105.37,105.82,106.66,109.2,110.66,111.87,112.19,113.7,114.38,115.62,116.85,118.18,119.19,119.81,122.16
KOTA BANDUNG,109.82,110.43,110.54,111.46,111.93,111.99,112.15,112.92,114.14,114.81,114.99,115.39,109.06,109,109.03,109.8,110.47,110.49,110.52,111.48,113.37,113.6,113.63,114.12,114.43,114.77,114.99,115.78,116.05,116.33,116.65,116.5,116.57,116.75,117.06,116.94,107.82,110.87,111.15,112.67,112.67,112.67,113.09,114.09,114.29,116.85,117.41,117.96
KOTA CIREBON,107.35,107.57,108.27,108.28,108.27,108.6,108.74,109.07,109.5,109.5,110.52,110.62,106.85,107.14,107.3,107.3,107.24,107.29,107.3,107.35,107.35,107.35,108.09,108.17,102.16,102.25,102.92,102.96,103.2,103.3,103.2,103.19,103.42,103.48,103.95,104.09,113.71,113.71,116.84,116.84,116.84,118.62,119.53,121.3,123.77,123.77,126.47,126.59
KOTA BEKASI,108.59,108.6,109.39,109.82,110.3,110.41,110.65,110.95,111.44,112.01,112.45,113.19,109.4,109.5,109.86,110.28,110.81,110.81,111.01,111.27,111.91,112.8,113.21,114.23,102.4,102.17,101.61,101.81,102.11,102.67,102.62,102.75,102.57,102.41,103.09,103.29,112.67,112.68,116.86,117.54,118.1,118.1,118.82,119.51,120.21,120.32,120.56,120.8
KOTA DEPOK,112.01,112.06,112.17,112.38,112.86,113.51,114.14,114.97,115.28,116.09,116.66,116.87,113.7,113.73,113.82,114.03,114.04,114.04,114.88,115.99,116.04,116.96,117.06,117.07,108.14,108.29,108.59,108.96,109.41,109.5,110.1,110.42,111.28,112.05,112.44,113.42,110.74,110.73,110.72,110.77,112.8,116.14,116.14,116.63,117.2,117.67,119.97,119.98
KOTA TASIKMALAYA,105.61,105.7,106.13,106.42,106.95,107.3,107.64,108.43,108.58,109.48,109.64,111,104.58,104.67,105.15,105.58,105.71,105.85,105.99,107.07,107.27,107.59,107.66,108.02,104.71,104.85,105.1,104.87,104.76,105.25,106.32,106.63,106.39,109.06,108.99,109.37,109.83,109.89,110.22,110.35,112.65,113.68,114.27,114.33,114.53,116.45,117.09,122.62
CILACAP,115.21,115.99,116.07,116.66,117.49,118.06,118.9,119.7,120.88,122.05,123.43,125.58,114.39,115.05,115.1,115.59,116.64,116.79,117.62,118.3,119.41,120.38,122.35,125.08,118.27,118.58,118.56,119.48,120.25,119.92,119.96,120.48,121.09,121.22,120.84,122.04,115.24,116.79,117,117.63,117.85,120.38,121.86,123.26,125.05,127.62,128.64,129.79
PURWOKERTO,110.22,110.26,110.29,110.64,110.67,110.98,112.32,112.93,113.09,113.45,113.65,114.11,111.24,111.28,111.36,111.55,111.55,111.95,112.61,113.04,113.04,113.4,113.4,113.82,103.29,103.4,103.13,102.9,102.96,103.31,106.29,106.85,106.62,106.59,106.47,107.03,112.8,112.8,112.91,114.31,114.4,114.4,116.62,117.92,118.98,119.65,120.83,121.36
KUDUS,121.94,123.57,123.57,124.79,125.5,126.37,126.69,126.73,126.81,127.07,127.93,128.46,122.46,124.5,124.5,125.61,125.94,126.48,126.84,126.84,126.84,126.84,127.96,127.96,110.85,112.05,112.05,114.96,117.09,116.13,114.56,114.76,115.24,116.77,117.53,118.28,130.77,131.33,131.33,131.33,132.02,135.8,137.81,137.81,137.81,137.81,137.81,140
KOTA SURAKARTA,106.89,107.41,107.83,107.96,108.1,108.26,108.34,108.42,108.62,108.85,108.93,110.02,106.38,106.93,107.26,107.37,107.39,107.44,107.47,107.46,107.59,107.61,107.6,108.86,104.48,104.64,104.8,104.64,104.97,105.13,105.27,105.23,105.15,105.67,105.97,106.05,113.58,114.55,115.91,116.59,117.02,117.77,118.08,118.83,119.93,120.79,121.01,122.84
KOTA SEMARANG,111.65,111.78,112.55,112.84,113.05,113.28,114.54,114.96,115.13,115.65,115.97,118.05,112.9,113.06,113.71,113.78,113.99,114.07,115.56,116.03,116.15,116.56,116.89,119.23,105.81,105.38,106.89,107.06,107.29,107.36,107.33,107.19,107.49,107.75,107.93,109.58,114.27,115.04,115.33,116.76,117.05,118.22,120.2,121.24,121.43,122.89,123.32,124.79
KOTA TEGAL,107.41,109.13,109.32,109.58,109.56,109.59,110.61,111.23,111.65,112.46,112.49,112.82,109.09,110.81,110.98,111.33,111.33,111.39,112.6,113.46,114.04,115.05,115.05,115.46,100.08,99.9,99.68,99.85,99.71,99.54,99.88,100.01,100.26,99.89,99.55,99.61,107.41,110.72,111.35,111.35,111.35,111.4,112.34,112.49,112.49,113.58,114.01,114.26
KOTA YOGYAKARTA,111.57,112.16,112.22,112.49,112.56,113.04,113.31,113.48,113.65,114.01,114.39,114.82,113.18,113.61,113.78,113.96,113.98,114.17,114.26,114.38,114.46,114.75,114.95,115.17,106.63,106.96,106.61,106.78,106.67,107.47,107.91,108.04,108.22,108.35,109.77,110.62,110.28,111.64,111.69,112.41,112.78,114.04,114.8,115.18,115.71,116.46,116.56,117.41
JEMBER,108.84,108.87,109.09,109.34,109.45,110.02,111.45,111.77,112.08,112.12,114.79,116.38,106.08,106.08,106.16,106.32,106.62,106.75,107.73,107.87,107.87,107.87,111.94,111.98,105.4,105.51,105.71,105.56,105.37,105.53,108.27,109.32,109.47,109.42,109.92,111.69,118.64,118.64,119.22,120.08,120.08,122.08,123.2,123.2,124.38,124.61,126.24,131.2
BANYUWANGI,105.71,105.5,105.27,105.35,105.92,105.96,106.15,106.19,106.38,106.11,106.48,110.97,110.01,110.01,110.29,110.29,110.45,110.45,110.74,110.81,110.98,111.29,111.29,119,102.13,100.9,98.56,99.05,102.03,102.25,102.44,102.49,102.53,99.85,99.35,99.6,100.24,100.24,100.24,100.24,100.24,100.24,100.25,100.25,100.56,100.56,102.03,103.26
SUMENEP,108.82,110.76,111.07,112.94,113.39,113.84,114.64,115.79,115.82,116.27,118.17,123.77,109.27,111.97,112.16,115.31,116.14,116.14,116.81,117.6,117.66,118.37,121.72,130.4,106.72,106.52,106.53,106.83,106.77,106.39,106.52,106.5,106.49,106.85,107.13,107.46,109.17,110.9,111.62,111.89,111.89,113.73,115.17,117.72,117.72,117.72,117.73,120.4
KOTA KEDIRI,111.24,111.74,112.22,113.6,114.36,115.37,116.29,116.68,117.4,118.06,118.83,119.53,112.06,112.51,112.85,114.84,115.63,116.31,117.59,117.99,119.02,120.08,120.87,121.83,108.55,109.11,109.38,109.39,110.04,111.27,111.42,111.34,111.72,111.68,111.98,112.41,112.58,113.11,114.36,115.81,116.61,118.3,119.27,120.26,120.55,120.94,122.3,122.66
KOTA MALANG,107.51,109.75,110.34,110.35,111.45,112.01,112.41,112.8,113.02,114.45,114.59,115.96,106.77,110.18,110.48,110.53,111.56,112.23,112.45,112.8,113.15,115.33,115.47,116.99,106.72,107.13,107.1,106.95,107.5,108.14,108.42,109.22,109.01,109.02,109.28,110.6,111.26,111.26,113.73,113.73,115.77,115.86,117.09,117.15,117.37,117.65,117.65,118.49
KOTA PROBOLINGGO,113.92,114.48,115.33,115.62,116.14,116.64,116.87,117.08,117.16,117.58,118.04,118.36,116.13,117.02,118.48,118.47,118.76,119,119.47,119.52,119.77,119.88,119.95,120.14,105.94,105.59,105.35,106.58,107.67,108.62,107.94,108.66,107.78,108.37,108.42,108.86,114.95,115.41,115.48,115.77,116.42,117.27,117.67,117.86,118.34,119.59,121.68,122.29
KOTA MADIUN,111.65,111.91,112.06,112.58,113.5,114.25,114.64,115.07,115.31,115.84,116.76,117.94,110.3,110.4,110.35,110.81,111,111.63,111.97,112.28,112.52,112.9,113.12,114.74,114.21,114.26,114.32,114.67,117.53,117.86,118.14,118.64,118.41,118.6,120.19,120.13,112.74,113.74,114.61,115.58,116.35,117.97,118.7,119.43,120.23,121.7,123.97,125.37
KOTA SURABAYA,110.58,111.17,111.7,112.98,112.99,113.47,114.22,115.61,116.96,117.5,118.89,120.28,111.75,112.03,112.75,114.29,114.39,114.9,115.59,117.09,118.5,119.18,120.72,122.75,107.45,108.98,109.18,109.61,109.34,109.81,110.43,111.24,112.77,113.01,114.58,114.79,111,111.26,111.53,113.17,113.29,113.64,114.95,116.87,117.58,118.08,118.4,119.05
KOTA TANGERANG,116.94,117.99,118.66,120.2,120.43,121.05,122.77,124.35,126.42,128.59,128.95,129.9,119.51,119.88,121.33,122.62,122.85,123.83,125.55,127.1,129.16,131.76,132.13,132.85,110.99,112.34,111.15,111.13,111.65,111.69,112.97,114.45,117.31,118.86,119,121.4,114.88,117.61,117.69,121.31,121.31,121.38,123.48,125.26,126.68,128.18,128.69,129.03
KOTA CILEGON,107.03,108.5,108.73,109.52,109.83,111.81,112.48,112.59,114.55,115.09,115.91,117.66,109.11,110.36,110.74,110.89,110.89,112.59,112.6,112.73,113.29,113.76,114.8,117.83,103.35,107.03,107.1,107.78,107.8,108.77,110.17,109.38,109.25,109.47,111.11,111.48,105.72,106.24,106.35,108.24,109.24,112.25,113.61,114.21,119.69,120.52,120.53,120.94
KOTA SERANG,112.02,113.79,115.92,115.99,116.91,118.34,119.05,122.28,122.89,124.06,126.52,129.93,112.82,114.12,116.38,116.38,116.9,118.21,118.22,122.39,122.67,124.44,127.55,131.39,107.95,108.96,112.89,113.24,115.52,118.43,118.27,120.91,122.49,122.28,123.85,127.07,113.44,117,117.33,117.33,118.1,118.56,121.76,123.16,123.77,124.62,126.22,128.72
SINGARAJA,116.78,116.79,118.06,120.45,121.84,122,124.54,124.94,125.57,127.91,131.84,132.69,115.6,115.6,117.52,121.28,123.52,123.52,127.16,127.84,128.41,131.94,135.26,136.33,107.17,106.84,107.34,107.48,107.7,107.94,109.1,108.71,109.43,110.22,116.59,117.66,129.44,129.8,130.02,130.81,130.96,131.51,132.33,132.74,133.47,134.03,137.29,137.32
KOTA DENPASAR,109.45,111.05,111.12,111.44,111.94,112.51,112.88,113.47,113.5,114.45,114.54,114.69,109.88,110.84,110.94,111.38,112.19,112.21,112.3,113.34,113.34,114.26,114.26,114.43,109.57,110.46,110.4,110.62,110.71,112.92,113.32,113.25,113.38,113.81,114.13,114.37,107.75,112.67,112.86,112.86,112.9,112.91,114.25,114.25,114.25,116.08,116.09,116.09
KOTA MATARAM,106.08,107.29,107.37,107.54,108.55,109.89,110.87,111.17,111.56,112.09,113.21,114.08,105.94,107.11,107.11,107.21,108.58,109.1,110.42,110.56,110.56,110.92,111.97,112.75,105.45,107.19,107.3,107.09,107.64,108.09,109.05,109.28,109.77,110.83,112.05,113.28,107,107.84,108.09,108.77,109.26,113.5,113.64,114.4,115.71,116.22,117.44,118.26
KOTA BIMA,118.25,118.29,119.39,119.48,120.12,120.59,121.4,121.53,121.9,122.57,122.82,124.19,122.01,122.08,124.14,124.14,124.71,125.24,126.04,126.26,126.49,127.77,128.27,130.42,107.75,107.77,107.76,108.25,108.08,108.75,110.7,110.63,111.12,110.96,110.72,111.5,117.34,117.34,117.34,117.38,118.59,118.82,119.03,119.12,119.66,119.72,119.77,120.09
MAUMERE,117.93,119.57,119.74,120.08,120.08,120.39,121.12,122.72,122.7,123.02,123.42,126.57,121.22,121.74,122.08,122.13,122.13,122.23,122.79,122.95,122.95,123.74,124.08,127.8,110.78,112.35,112.42,112.58,112.58,112.67,112.94,114.14,114.07,113.98,114.2,117.31,119.46,122.83,122.83,123.75,123.75,124.55,125.97,130.03,130.03,130.03,130.69,133.02
KOTA KUPANG,115.26,115.95,115.99,116.13,116.23,117.07,117.36,118.1,118.45,118.56,118.99,121.7,120.75,122.02,122.04,122.1,122.22,122.49,122.92,123.7,123.75,123.84,124.18,128.2,107.54,107.19,107.13,107.61,107.55,109.9,109.89,109.62,110.05,109.99,110.8,111.95,109.04,109.27,109.48,109.48,109.67,110.49,110.69,112.33,113.37,113.72,113.98,114.94
DILI,108.35,111.28,111.6,112.64,113.21,113.38,114.23,114.38,115.15,115.26,117.04,120.02,106.97,109.01,109.1,110.43,111,111.07,112.14,112.14,112.6,112.82,115.54,119.64,110.09,116.2,117.24,117.57,117.82,118.54,119.52,119.18,119.46,119.26,119.34,119.59,111.27,114.29,114.69,115.41,116.26,116.26,116.26,117.33,119.56,119.6,119.83,121.68
KOTA PONTIANAK,109.02,109.6,109.67,109.74,110.03,110.67,110.83,110.63,111.97,112.95,113.14,113.64,107.93,107.99,107.99,107.95,108.29,108.33,108.36,108.37,109.36,110.57,110.72,111.16,107.97,108.18,107.82,107.68,107.98,108.73,108.29,107.15,107.54,107.64,107.64,107.83,111.42,113.07,113.52,113.88,114.08,115.64,116.37,116.39,118.86,119.96,120.35,121.12
KOTA SINGKAWANG,108.49,111.17,111.64,112.25,112.69,112.69,112.86,113.74,115.09,115.27,115.46,116.71,105.2,107.69,107.71,107.74,108.23,108.23,108.22,109.66,109.66,109.83,110,111.81,104.31,109.58,109.41,109.79,110.56,110.58,110.79,111.2,112.13,112.33,112.25,113.38,120.44,121.03,123.2,125.4,125.4,125.4,125.95,125.98,130.94,131.12,131.66,131.66
SAMPIT,113.2,113.39,114.97,116.44,116.71,117.61,117.96,118,118.42,118.66,119.1,119.87,112.58,112.88,115.24,116.88,117.1,117.98,118.02,118.02,118.52,118.52,119.13,120.15,103.97,103.89,103.5,104.96,105.64,105.78,107.22,107.22,107.7,108.28,108.15,108.46,126.13,126.13,126.43,127.22,127.22,129.08,129.57,129.82,129.82,130.72,131.08,131.25
KOTA PALANGKA RAYA,111.09,113.12,113.26,113.39,113.51,113.91,114.3,114.64,115.12,115.18,115.48,116.32,112.51,114.9,114.9,115.13,115.13,115.64,115.64,115.78,116.03,116.18,116.49,117.83,106.38,106.5,106.56,106.5,106.62,106.76,108.31,108.46,109.77,109.6,109.57,109.31,110.33,112.67,113.29,113.29,113.76,114.05,114.77,115.82,116.37,116.37,116.89,117.01
TANJUNG,109.16,110.49,111.39,112.11,112.79,113.42,114.39,115.12,116.16,116.85,117.44,118.59,109.71,111.15,112.23,113.16,113.75,114.27,115.53,116.26,117.52,118.45,119.23,120.89,104.36,104.14,103.94,104.16,105.6,105.72,105.76,106.04,106.42,106.07,105.94,105.88,111.69,114.12,115.29,115.59,115.89,117.62,118.13,119.37,120.04,120.75,121.15,121.15
KOTA BANJARMASIN,112.41,114.36,114.4,114.41,114.42,114.42,114.54,114.24,114.26,114.26,114.26,119.15,115.37,118.46,118.52,118.54,118.54,118.54,118.61,118.61,118.61,118.61,118.61,126.4,104.97,104.97,104.98,104.99,105.04,105.04,105.5,103.8,103.94,103.94,103.94,103.87,109.71,109.71,109.71,109.71,109.71,109.71,109.71,109.71,109.71,109.71,109.71,109.71
KOTA BALIKPAPAN,120.52,120.56,120.7,120.79,121.23,121.45,121.68,121.94,122.23,122.48,123.15,127.9,124.58,124.59,124.58,124.71,124.82,125.1,125.26,125.37,125.4,125.4,125.8,132.95,107.77,107.83,108.71,108.68,109,108.9,109.6,109.61,111.15,111.61,111.77,111.76,117.41,117.52,117.56,117.59,119.42,119.67,119.79,120.82,120.9,121.87,124.1,124.34
KOTA SAMARINDA,113.17,113.92,114.05,114.71,115.49,115.55,116.81,119.14,119.68,120.09,120.42,124.88,116.64,117.83,118.03,118.46,119.74,119.77,121.46,124.04,124.48,124.64,124.69,132.01,107.55,107.66,107.66,108.59,108.79,108.93,109.42,112.71,112.78,112.95,113.62,114.45,110.58,110.9,111.05,112.01,112.04,112.07,113.13,113.13,114.72,116.36,117.09,117.85
KOTA TARAKAN,104.07,104.18,104.31,104.51,104.53,104.58,104.96,105.91,106.05,106.98,107.02,107.77,103.34,103.46,103.75,103.76,103.8,103.8,104.3,105.29,105.5,107.17,107.29,108.51,105.23,105.36,105.19,106.03,105.98,106.21,106.6,108.24,108.33,108.13,107.91,108.07,104.94,104.97,104.97,105,105.02,105.03,105.04,105.04,105.04,105.04,105.11,105.11
KOTA MANADO,118,118.76,119.3,120.95,122.29,123.72,126.1,126.02,126.27,126.91,126.99,128.19,118.96,120.11,120.64,122.04,123.03,123.96,126.82,126.79,127.15,128.12,128.22,128.73,112.56,112.66,113.95,114.61,115.02,114.97,118.34,117.91,117.97,118.03,118.14,118.71,118.85,118.85,118.85,122.06,125.22,129.39,129.44,129.49,129.49,129.49,129.49,133.39
KOTA PALU,121.9,122.96,124.54,124.14,124.45,124.6,125.32,125.34,125.68,125.71,126.52,126.83,121.28,123.69,125.66,125.68,125.68,125.68,126.13,126.16,126.22,126.22,127.01,127.13,117.47,116.83,118.56,116.61,116.19,116.19,116.4,116.45,116.53,116.65,116.6,116.72,126.16,126.16,127,127,128.37,128.87,130.4,130.4,131.41,131.41,132.87,133.64
BULUKUMBA,110.76,110.86,111.11,111.39,111.82,112.01,112.48,112.7,112.74,112.93,113.47,114.21,107.84,108.05,108.16,108.32,109.13,109.13,109.44,109.91,109.98,110.1,110.15,111.09,109.95,109.95,110,111.04,111.3,112.25,112.25,112.25,112.27,112.27,112.27,112.27,115.54,115.54,116.1,116.1,116.1,116.1,117.09,117.09,117.09,117.49,119.06,119.92
WATAMPONE,107.26,107.95,108.24,108.47,108.75,109.05,111.19,111.51,112.02,112.23,112.28,113.47,108.28,109.36,109.96,110.41,110.87,111.34,113.03,113.52,114.12,114.47,114.46,116.39,105.58,105.89,105.59,105.43,105.47,105.63,106.33,106.55,107.33,107.38,107.61,108,106.08,106.08,106.1,106.11,106.11,106.1,110.72,110.72,110.72,110.72,110.72,110.72
KOTA MAKASSAR,106.65,106.76,107.53,108.11,108.93,109.33,109.73,109.98,110.82,111.12,111.48,113.36,105.81,105.76,106.94,108.2,108.49,108.67,108.92,108.94,110.29,110.29,110.29,111.37,105.32,105.82,105.87,104.58,106.74,107.82,108.03,108.6,108.4,109.25,110.4,111.12,110.13,110.37,110.63,110.9,112.07,112.5,113.46,114.07,114.38,115.05,115.73,120.83
KOTA PARE-PARE,107.83,108.14,108.25,108.38,109.98,110.65,111,111.69,111.79,112.23,113.01,117.2,109.91,110.45,110.47,110.75,111.93,112.45,113.09,113.82,114.14,114.93,116.06,121.74,102.64,102.9,103.39,102.76,103.56,103.67,103.61,103.63,103.4,103.56,102.72,105.7,108.19,108.19,108.19,108.58,111.38,112.69,112.86,113.94,113.94,114.05,115.38,118.11
KOTA PALOPO,106.82,106.87,107.11,107.04,107.75,108.19,109.59,109.58,109.86,109.98,110.41,111,106.52,106.61,106.72,106.72,107.82,108.03,110.04,110.09,110.24,110.25,110.63,111.25,105.5,105.44,105.79,105.47,105.76,106.09,106.23,106.07,106.15,106.06,106.96,107.18,108.68,108.74,109.17,109.17,109.46,110.49,111.8,111.8,112.51,113.1,113.16,114.06
KOTA KENDARI,110.24,110.64,112.06,112.16,113.01,113.64,114.28,115.14,116.64,116.84,117.03,119.83,114.02,114.42,117.31,117.43,118.91,119.24,120.22,121.86,124.34,124.81,124.97,126.98,107.42,107.45,107.79,107.83,108,108.2,107.77,107.53,108.06,108,108.5,109.28,106.84,107.51,107.62,107.73,108.16,109.59,110.57,111.15,111.94,111.94,111.94,117.49
KOTA BAU-BAU,111.8,112.23,112.42,113.3,113.8,114.61,115.46,115.71,115.97,115.98,116.06,116.65,114.3,115,115,115.08,115.86,116.45,116.82,116.84,117.16,117.17,117.2,117.22,109.97,110.16,109.96,110.65,110.65,111.06,111.74,111.75,111.96,110.79,109.49,109.62,107.46,107.46,108.34,111.22,111.45,113.06,115.1,116.04,116.2,117.09,118.29,120.52
KOTA GORONTALO,108.05,110.53,111.1,111.28,111.66,112.49,112.83,114.39,116.46,116.48,116.51,117.04,106.23,110.18,110.18,110.47,110.47,111.27,111.55,114.16,117.78,117.82,117.82,118.06,105.2,106.22,106.11,106.11,106.24,107.17,107.29,107.48,107.89,107.88,107.99,108.88,114.49,114.96,117.38,117.47,118.88,119.71,120.36,120.78,120.86,120.86,120.86,121.73
MAMUJU,103.32,103.07,103.74,103.33,103.06,103.18,103.17,103.24,103.86,104.12,104.1,105.22,102.25,102.25,102.67,102.71,102.75,102.75,102.75,102.78,103.28,103.3,103.3,104.97,103.77,102.53,102.89,100.69,99.18,99.65,99.64,99.52,100.79,101.43,101.32,100.92,107.21,107.21,109.36,109.36,109.34,109.5,109.5,109.96,110.28,111.05,111.05,111.76
KOTA AMBON,113.4,113.97,114.09,115.37,116.3,117.59,119.08,119.35,119.6,121.71,121.91,122.53,112.59,112.59,112.59,114.63,115.16,115.64,116.26,116.83,116.85,119.57,119.57,119.57,108.54,111.13,111.68,111.32,112.93,114.01,116.22,116.11,117.23,118.76,119.34,119.77,118.4,118.4,118.4,119.62,120.73,123.49,125.89,125.95,125.95,127.45,127.73,129.5
KOTA TUAL,107.58,108.36,109.49,109.86,109.35,112.56,117.56,118.16,118.18,118.18,118.16,118.66,111.11,113.07,113.07,113.3,113.3,114.86,117.87,119.15,119.15,119.15,119.15,120.35,102.55,102.08,101.9,102.18,99.39,99.87,102.37,101.45,101.53,101.56,101.47,101.27,105.86,105.86,108.96,109.55,109.55,116.06,124.63,125.19,125.19,125.19,125.19,125.19
KOTA TERNATE,106.39,105.8,105.59,106.76,106.54,106.65,106.92,106.73,107.35,107.56,108.2,109.55,103.59,104.68,104.73,104.73,104.89,105.19,105.19,105.2,106,106,106,107.24,103.98,105.67,104.44,105.31,105.3,105.3,105.53,105.58,105.58,105.6,105.71,105.71,113.97,107.98,108.36,111.96,110.83,110.72,111.53,110.73,111.64,112.4,114.75,117.69
MANOKWARI,108.77,109.44,109.69,111.81,112.41,113.28,115.12,114.17,114.88,115.53,115.89,118.05,107.85,109.15,109.73,112.57,113.27,114.31,117.02,117.13,118.03,118.03,118.03,119.99,106.68,106.42,105.88,108.54,108.69,110.08,110.11,105.45,104.96,104.83,105.07,105.28,112.88,113.33,113.83,113.91,114.82,114.78,116.92,117.99,119.64,122.44,123.64,128.32
KOTA SORONG,108.18,109.3,109.63,109.61,109.51,110.36,111.71,112.06,113.71,113.72,113.81,114.43,104.42,105.26,105.26,105.26,105.26,106.71,108.66,108.82,109.02,108.96,109.1,110.32,106.66,109.48,109.48,109.37,108.99,109.25,109.4,109.94,109.94,109.91,109.9,110.08,116.11,116.11,117.35,117.35,117.35,117.72,119.16,119.67,125.4,125.56,125.66,125.66
MERAUKE,111.94,112.92,113.14,113.74,113.83,114.38,114.99,115.88,117.59,118.18,118.61,120.02,113.66,113.95,114.22,115.14,115.22,115.96,116.66,117.57,118.59,118.99,119.43,121.37,110.21,113.06,112.79,113.1,113.24,113.76,114.29,114.71,117.95,118.85,119.58,120.66,108.78,109.6,110.24,110.24,110.31,110.31,110.75,112.18,114.11,114.91,114.91,115.14
KOTA JAYAPURA,110.71,111.19,111.67,112.17,112.56,112.92,114.05,114.64,115.23,115.73,116.55,118.84,0.76,111.87,112.31,112.77,113.08,113.34,114.57,115.22,115.78,116.31,117.29,120.44,0.47,107.02,107.03,107.32,107.57,107.88,108.54,108.81,109.28,109.58,109.99,111.03,0.81,113.19,114.41,115.2,115.94,116.68,117.95,118.68,119.38,120.03,120.67,121.51